"Algorithm","Hash","Path"
"SHA256","5A7557E6442AD9136D33FB7E2CE50CC7C10BE905D13919FBEE71C88C9BA1BF1B","C:\aureon-swarm\logs\agent_01.run.log"
"SHA256","CF4A8AB955F389E44877DE9F6F553230A0F0DF004D4A9BBEC923536845E7AE5C","C:\aureon-swarm\logs\agent_01_run.log"
"SHA256","5A7557E6442AD9136D33FB7E2CE50CC7C10BE905D13919FBEE71C88C9BA1BF1B","C:\aureon-swarm\logs\agent_02.run.log"
"SHA256","364EBF6C63866E26DB4FB5463D5FFC43E4BCBBAA07F8316ACD397C0BDFE61549","C:\aureon-swarm\logs\agent_02_run.log"
"SHA256","5A7557E6442AD9136D33FB7E2CE50CC7C10BE905D13919FBEE71C88C9BA1BF1B","C:\aureon-swarm\logs\agent_03.run.log"
"SHA256","09A50661A90A87FEC67CBEA9F6F03315ADA0E0A4B1C7287F0C58DC9C9AEC3E19","C:\aureon-swarm\logs\agent_03_run.log"
"SHA256","5A7557E6442AD9136D33FB7E2CE50CC7C10BE905D13919FBEE71C88C9BA1BF1B","C:\aureon-swarm\logs\agent_04.run.log"
"SHA256","ECB5A3C3520FA3640DD773AD9A8497C5DF5475BA58B0715B9504E69F47CE1F22","C:\aureon-swarm\logs\agent_04_run.log"
"SHA256","5A7557E6442AD9136D33FB7E2CE50CC7C10BE905D13919FBEE71C88C9BA1BF1B","C:\aureon-swarm\logs\agent_05.run.log"
"SHA256","EBC4DC37BDDCC1EC93F3A74B50ED0E9C98B284074E0E591BD37FF668639499DD","C:\aureon-swarm\logs\agent_05_run.log"
"SHA256","5A7557E6442AD9136D33FB7E2CE50CC7C10BE905D13919FBEE71C88C9BA1BF1B","C:\aureon-swarm\logs\agent_06.run.log"
"SHA256","6C33729C8A39FA873D48BF5F937C7DEF420F075ADB819DBA89123A3DBC32935C","C:\aureon-swarm\logs\agent_06_run.log"
"SHA256","5A7557E6442AD9136D33FB7E2CE50CC7C10BE905D13919FBEE71C88C9BA1BF1B","C:\aureon-swarm\logs\agent_07.run.log"
"SHA256","455B3FBF9ED387F18404AB34783AC7F00ABE824BE424849FC309D204B640CFDE","C:\aureon-swarm\logs\agent_07_run.log"
"SHA256","5A7557E6442AD9136D33FB7E2CE50CC7C10BE905D13919FBEE71C88C9BA1BF1B","C:\aureon-swarm\logs\agent_08.run.log"
"SHA256","8891E8D855D71C93819B5057C9A2F6B121B2854D91E40516C6A690AC16A760FD","C:\aureon-swarm\logs\agent_08_run.log"
"SHA256","5A7557E6442AD9136D33FB7E2CE50CC7C10BE905D13919FBEE71C88C9BA1BF1B","C:\aureon-swarm\logs\agent_09.run.log"
"SHA256","551BA431580AC7F51EF4F1FE0F4D6AF2945411974B466B4110FD1EB0CACF5813","C:\aureon-swarm\logs\agent_09_run.log"
"SHA256","5A7557E6442AD9136D33FB7E2CE50CC7C10BE905D13919FBEE71C88C9BA1BF1B","C:\aureon-swarm\logs\agent_10.run.log"
"SHA256","CE1552C3C62AB67B92B49A3F6788E53DBD26ADAABC084CAFEC7D21276B46D362","C:\aureon-swarm\logs\agent_10_run.log"
"SHA256","5A7557E6442AD9136D33FB7E2CE50CC7C10BE905D13919FBEE71C88C9BA1BF1B","C:\aureon-swarm\logs\agent_11.run.log"
"SHA256","F17376D554608806A6E71547F64C13F13230083121C984B561E083B43E853870","C:\aureon-swarm\logs\agent_11_run.log"
"SHA256","5A7557E6442AD9136D33FB7E2CE50CC7C10BE905D13919FBEE71C88C9BA1BF1B","C:\aureon-swarm\logs\agent_12.run.log"
"SHA256","0C067136200BDD32EB012763761A78DAFB268BE8CEF00FFF46CCD0ECE6325514","C:\aureon-swarm\logs\agent_12_run.log"
"SHA256","5A7557E6442AD9136D33FB7E2CE50CC7C10BE905D13919FBEE71C88C9BA1BF1B","C:\aureon-swarm\logs\agent_13.run.log"
"SHA256","86638CA1426B02C00455AA1B51E0FA582C5512E5EDB86C72C200DDF006C555C4","C:\aureon-swarm\logs\agent_13_run.log"
"SHA256","5A7557E6442AD9136D33FB7E2CE50CC7C10BE905D13919FBEE71C88C9BA1BF1B","C:\aureon-swarm\logs\agent_14.run.log"
"SHA256","C04662FDB97683055B196728A8A07A32269A3932DE6073F9E710E0C711151F60","C:\aureon-swarm\logs\agent_14_run.log"
"SHA256","5A7557E6442AD9136D33FB7E2CE50CC7C10BE905D13919FBEE71C88C9BA1BF1B","C:\aureon-swarm\logs\agent_15.run.log"
"SHA256","D652DA6D35911C0B0CB1BCEE93E57B766EFE90C272CD61B6C3C82BEAD2CD4B3F","C:\aureon-swarm\logs\agent_15_run.log"
"SHA256","5A7557E6442AD9136D33FB7E2CE50CC7C10BE905D13919FBEE71C88C9BA1BF1B","C:\aureon-swarm\logs\agent_16.run.log"
"SHA256","DF2FB85571DBE8F7842270DF845AA8A23321AF40F9305C57332887B2B28D2351","C:\aureon-swarm\logs\agent_16_run.log"
"SHA256","5A7557E6442AD9136D33FB7E2CE50CC7C10BE905D13919FBEE71C88C9BA1BF1B","C:\aureon-swarm\logs\agent_17.run.log"
"SHA256","48401DF9F22BA3FA4C93B5B43CE9FD6CA2AAF5474C0CA082471DFFE4A9650798","C:\aureon-swarm\logs\agent_17_run.log"
"SHA256","5A7557E6442AD9136D33FB7E2CE50CC7C10BE905D13919FBEE71C88C9BA1BF1B","C:\aureon-swarm\logs\agent_18.run.log"
"SHA256","88427926A9AA1C925B92574F2E080D13D2E3B777CC283129912B3E17A5435907","C:\aureon-swarm\logs\agent_18_run.log"
"SHA256","5A7557E6442AD9136D33FB7E2CE50CC7C10BE905D13919FBEE71C88C9BA1BF1B","C:\aureon-swarm\logs\agent_19.run.log"
"SHA256","66AE9368A60C46578501F97B4B4012E982B91AF40F32D3B71F3E55DE04326305","C:\aureon-swarm\logs\agent_19_run.log"
"SHA256","5A7557E6442AD9136D33FB7E2CE50CC7C10BE905D13919FBEE71C88C9BA1BF1B","C:\aureon-swarm\logs\agent_20.run.log"
"SHA256","60C1EC2A4A667ABB4B840697083A278DFF1F15A73C97593ADFE9FCB86A61D88E","C:\aureon-swarm\logs\agent_20_run.log"
"SHA256","5A7557E6442AD9136D33FB7E2CE50CC7C10BE905D13919FBEE71C88C9BA1BF1B","C:\aureon-swarm\logs\agent_21.run.log"
"SHA256","BA55F76EE1F9638C26780666A21E1B7740A6037738114538413AE421505773CE","C:\aureon-swarm\logs\agent_21_run.log"
"SHA256","5A7557E6442AD9136D33FB7E2CE50CC7C10BE905D13919FBEE71C88C9BA1BF1B","C:\aureon-swarm\logs\agent_22.run.log"
"SHA256","314B00D57CE5EE06345227939A742DB4F88FE724F2387B63F679BAE7EAA76FDC","C:\aureon-swarm\logs\agent_22_run.log"
"SHA256","5A7557E6442AD9136D33FB7E2CE50CC7C10BE905D13919FBEE71C88C9BA1BF1B","C:\aureon-swarm\logs\agent_23.run.log"
"SHA256","66B7B0C7BA0BDB0E2F2EDB4F0A9CB4F09E1A3157178BBA4361D8C6CBA4ED5918","C:\aureon-swarm\logs\agent_23_run.log"
"SHA256","5A7557E6442AD9136D33FB7E2CE50CC7C10BE905D13919FBEE71C88C9BA1BF1B","C:\aureon-swarm\logs\agent_24.run.log"
"SHA256","FE81F03C173C3564246A578146F79763179DD041D84E44E0C2A7FB7A987D0D49","C:\aureon-swarm\logs\agent_24_run.log"
"SHA256","5A7557E6442AD9136D33FB7E2CE50CC7C10BE905D13919FBEE71C88C9BA1BF1B","C:\aureon-swarm\logs\agent_25.run.log"
"SHA256","2C7AE57E9AC44A11355E8BFEA7E4719FF2934985B59C10E62E18AC7B5491CB89","C:\aureon-swarm\logs\agent_25_run.log"
"SHA256","5A7557E6442AD9136D33FB7E2CE50CC7C10BE905D13919FBEE71C88C9BA1BF1B","C:\aureon-swarm\logs\agent_26.run.log"
"SHA256","4A122194C082B51D54305789BA5BEF60D0F1D7C760CFFCB263A3D6981FFD3A83","C:\aureon-swarm\logs\agent_26_run.log"
"SHA256","5A7557E6442AD9136D33FB7E2CE50CC7C10BE905D13919FBEE71C88C9BA1BF1B","C:\aureon-swarm\logs\agent_27.run.log"
"SHA256","73AAA8541825F3D051B619640317CEFE7D1FA50CBE8A852B748758FA7BC7B07A","C:\aureon-swarm\logs\agent_27_run.log"
"SHA256","5A7557E6442AD9136D33FB7E2CE50CC7C10BE905D13919FBEE71C88C9BA1BF1B","C:\aureon-swarm\logs\agent_28.run.log"
"SHA256","73B8494F3789A974CFD53133DBB90F1D4CDD64AB14371AC47D3D1239CE38EDF9","C:\aureon-swarm\logs\agent_28_run.log"
"SHA256","5A7557E6442AD9136D33FB7E2CE50CC7C10BE905D13919FBEE71C88C9BA1BF1B","C:\aureon-swarm\logs\agent_29.run.log"
"SHA256","B74767191FADA4509BD0CF17539976174887B853C751CCE70D2B80C9F3B7B94D","C:\aureon-swarm\logs\agent_29_run.log"
"SHA256","5A7557E6442AD9136D33FB7E2CE50CC7C10BE905D13919FBEE71C88C9BA1BF1B","C:\aureon-swarm\logs\agent_30.run.log"
"SHA256","94EC884FB3DE78591C69CC588A863B1575F6DE989D368559D2E66A770356A01F","C:\aureon-swarm\logs\agent_30_run.log"
"SHA256","5A7557E6442AD9136D33FB7E2CE50CC7C10BE905D13919FBEE71C88C9BA1BF1B","C:\aureon-swarm\logs\agent_31.run.log"
"SHA256","F0E3BA0991EA197D25D35E81A6AFB2DE6FCAC1381196A51F6A9A1A7D1156599F","C:\aureon-swarm\logs\agent_31_run.log"
"SHA256","5A7557E6442AD9136D33FB7E2CE50CC7C10BE905D13919FBEE71C88C9BA1BF1B","C:\aureon-swarm\logs\agent_32.run.log"
"SHA256","F34F1B745E8C270A5A8D81F42F9DAAF3B73097A47F6CBBD94E5DEED59A60865F","C:\aureon-swarm\logs\agent_32_run.log"
"SHA256","5A7557E6442AD9136D33FB7E2CE50CC7C10BE905D13919FBEE71C88C9BA1BF1B","C:\aureon-swarm\logs\agent_33.run.log"
"SHA256","3A6970DAA90A57B1082E0F49D6AD57CC6E7625C1A41906E381673846A0FCF0D4","C:\aureon-swarm\logs\agent_33_run.log"
"SHA256","5A7557E6442AD9136D33FB7E2CE50CC7C10BE905D13919FBEE71C88C9BA1BF1B","C:\aureon-swarm\logs\agent_34.run.log"
"SHA256","632D07493A4AF2490A8100BF01875D2ED82388B68F9677816DBC5E38F9251627","C:\aureon-swarm\logs\agent_34_run.log"
"SHA256","5A7557E6442AD9136D33FB7E2CE50CC7C10BE905D13919FBEE71C88C9BA1BF1B","C:\aureon-swarm\logs\agent_35.run.log"
"SHA256","459081C31A589A1C6C2BBC220FB87C90088A3D47040AF5587BB2C388F22184F2","C:\aureon-swarm\logs\agent_35_run.log"
"SHA256","5A7557E6442AD9136D33FB7E2CE50CC7C10BE905D13919FBEE71C88C9BA1BF1B","C:\aureon-swarm\logs\agent_36.run.log"
"SHA256","E9DD361C314647FCEECE131DDD439D56A0CC8B3926535E1447E0F0C5E9532F2A","C:\aureon-swarm\logs\agent_36_run.log"
"SHA256","5A7557E6442AD9136D33FB7E2CE50CC7C10BE905D13919FBEE71C88C9BA1BF1B","C:\aureon-swarm\logs\agent_37.run.log"
"SHA256","B93E0554212B9BB61AE6EBC6A0293DF36CFEAD6248DAA01D315F4A0F7EC6BF39","C:\aureon-swarm\logs\agent_37_run.log"
"SHA256","5A7557E6442AD9136D33FB7E2CE50CC7C10BE905D13919FBEE71C88C9BA1BF1B","C:\aureon-swarm\logs\agent_38.run.log"
"SHA256","E9859D769195F1B0C58756C3D4E931E89BCC91DE6456E1EAA6EFE5EDDDD0CE0C","C:\aureon-swarm\logs\agent_38_run.log"
"SHA256","5A7557E6442AD9136D33FB7E2CE50CC7C10BE905D13919FBEE71C88C9BA1BF1B","C:\aureon-swarm\logs\agent_39.run.log"
"SHA256","7240012BB3075464E4FDE19CA7C082E8A431B4766CA95A526128A135CA1464A8","C:\aureon-swarm\logs\agent_39_run.log"
"SHA256","5A7557E6442AD9136D33FB7E2CE50CC7C10BE905D13919FBEE71C88C9BA1BF1B","C:\aureon-swarm\logs\agent_40.run.log"
"SHA256","911BF589ACACEFCE05C75B81D4278D3914C7200C6455A82D32A72B3EC349171A","C:\aureon-swarm\logs\agent_40_run.log"
"SHA256","5A7557E6442AD9136D33FB7E2CE50CC7C10BE905D13919FBEE71C88C9BA1BF1B","C:\aureon-swarm\logs\agent_41.run.log"
"SHA256","69CAAFEADEDDC169EA14EA55DB0C63B9681250CAED360CAAC80A056208235A31","C:\aureon-swarm\logs\agent_41_run.log"
"SHA256","5A7557E6442AD9136D33FB7E2CE50CC7C10BE905D13919FBEE71C88C9BA1BF1B","C:\aureon-swarm\logs\agent_42.run.log"
"SHA256","DCE4BE90AFB8BDB2DBBBB710DCFAE7FACD30BE431C3E74DE4A493F5FC8400813","C:\aureon-swarm\logs\agent_42_run.log"
"SHA256","5A7557E6442AD9136D33FB7E2CE50CC7C10BE905D13919FBEE71C88C9BA1BF1B","C:\aureon-swarm\logs\agent_43.run.log"
"SHA256","A1BBEF0A9CB7A52060A81790702D7365232C737892B472896467DC894B9A4E40","C:\aureon-swarm\logs\agent_43_run.log"
"SHA256","5A7557E6442AD9136D33FB7E2CE50CC7C10BE905D13919FBEE71C88C9BA1BF1B","C:\aureon-swarm\logs\agent_44.run.log"
"SHA256","6544675D8BE96CEAD7D1602D654AF883592091D6B9D694791224EAA749576F3A","C:\aureon-swarm\logs\agent_44_run.log"
"SHA256","5A7557E6442AD9136D33FB7E2CE50CC7C10BE905D13919FBEE71C88C9BA1BF1B","C:\aureon-swarm\logs\agent_45.run.log"
"SHA256","9C7C6221E5C43EAA1A1222EB351E0D19E75FF34BD47129469BC155B3239EE3CB","C:\aureon-swarm\logs\agent_45_run.log"
"SHA256","5A7557E6442AD9136D33FB7E2CE50CC7C10BE905D13919FBEE71C88C9BA1BF1B","C:\aureon-swarm\logs\agent_46.run.log"
"SHA256","BAE8F54E3670B3A628FEB55244D2B34B044267F6E025EBE2C3D81BF317FCA6A9","C:\aureon-swarm\logs\agent_46_run.log"
"SHA256","5A7557E6442AD9136D33FB7E2CE50CC7C10BE905D13919FBEE71C88C9BA1BF1B","C:\aureon-swarm\logs\agent_47.run.log"
"SHA256","592E9A3CD20AEC3304BFB4FDF0C0F0FD7F3F9799AC4D076B708F7E88C81176F8","C:\aureon-swarm\logs\agent_47_run.log"
"SHA256","5A7557E6442AD9136D33FB7E2CE50CC7C10BE905D13919FBEE71C88C9BA1BF1B","C:\aureon-swarm\logs\agent_48.run.log"
"SHA256","0EABBB0CB2843086AD70B8703897C95ED322286FFA531EFA09359F90D98A5B83","C:\aureon-swarm\logs\agent_48_run.log"
"SHA256","5A7557E6442AD9136D33FB7E2CE50CC7C10BE905D13919FBEE71C88C9BA1BF1B","C:\aureon-swarm\logs\agent_49.run.log"
"SHA256","20550A914688A805E1BFDD79A42E3E629175BDC31EAFCC86782A09EB8893C049","C:\aureon-swarm\logs\agent_49_run.log"
"SHA256","5A7557E6442AD9136D33FB7E2CE50CC7C10BE905D13919FBEE71C88C9BA1BF1B","C:\aureon-swarm\logs\agent_50.run.log"
"SHA256","D8409E4AF6B04F6B76B7A009BE854189F124741D9F9A0252BEAEC9E085B893B6","C:\aureon-swarm\logs\agent_50_run.log"
"SHA256","F7CFAA470B3400A0D64B11AEFD92E247B2C835F7AAB4B2E08C99C40A587F44A0","C:\aureon-swarm\logs\AGENT_OUTPUT_RANKING.txt"
"SHA256","B405228B868B368AE92777A8AA6C8031147CBD8577E34DECC3E6D480F42011D8","C:\aureon-swarm\logs\mission_agent_01.json"
"SHA256","0368593B2BE628194B642035A6804DAAFB049C1DD4E9E150EC33B95F0C5F64A4","C:\aureon-swarm\logs\mission_agent_02.json"
"SHA256","9B301301F66F1252B711B79B52914185CF547C2791CEDF9EFDC76F8E3833630A","C:\aureon-swarm\logs\mission_agent_03.json"
"SHA256","A41606643DF3FFF7F785FD633AB633FBB1941475A16C3298E2BDCAC31FE8DE10","C:\aureon-swarm\logs\mission_agent_04.json"
"SHA256","145FFFB0353D7C1BDBE763B21B88A1B5B2C0A3773AE903FC4F02B579EF9DBCCA","C:\aureon-swarm\logs\mission_agent_05.json"
"SHA256","D6973727C8ADE3252E8F71DA45ABD89C88E41ADE4D2FD4AFC1C9597A2A18BBC3","C:\aureon-swarm\logs\mission_agent_06.json"
"SHA256","B74AE8D4D945CD17AE1AE48BC01F646A8B163009A70C6CA05F5853176816E418","C:\aureon-swarm\logs\mission_agent_07.json"
"SHA256","F819D0FEA74369A36697B9D784AD919C4FE8AFE8EB28D85536E7B9AEC3CC9382","C:\aureon-swarm\logs\mission_agent_08.json"
"SHA256","006787B3061543442E82266DDBB30A2B4C5BD0D2CC0B87D4CEBE6DE794F7E04F","C:\aureon-swarm\logs\mission_agent_09.json"
"SHA256","4CB1689E3B3F8205B70F9EFC5477497EC09EC9A18157191F67E49C041DFD775B","C:\aureon-swarm\logs\mission_agent_1.json"
"SHA256","ADFAED7F58AC1A9E1519268073F85E8FA4227EEC8A6F063D397DB7621BA62B11","C:\aureon-swarm\logs\mission_agent_10.json"
"SHA256","CF1055BB7A09022F9497F42EF67E6134727CB4EE3233E7C787CA14B164437FB6","C:\aureon-swarm\logs\mission_agent_11.json"
"SHA256","6EB5829ABBEF4752350EE6AA1FCD66E9361F3FEBCF7DA3964ABDA30899839411","C:\aureon-swarm\logs\mission_agent_12.json"
"SHA256","DC9F624B8D66C0158EB3975DD4C807095D00F4C5B76F5BF9197FD9080D56FA02","C:\aureon-swarm\logs\mission_agent_13.json"
"SHA256","CF26B6A3F6D0CA88CAC9206066C2D04E4B10431FCF8D3C7F8256B96AE96E1938","C:\aureon-swarm\logs\mission_agent_14.json"
"SHA256","077E9C1D9DCC3C803D4B70566E07944F4CCC144472693718F9E1003F6D81FDCE","C:\aureon-swarm\logs\mission_agent_15.json"
"SHA256","E1CB438982658CA25BA1824E65976BA24F8AF6EC60F1E28E3AF003F23A4C706F","C:\aureon-swarm\logs\mission_agent_16.json"
"SHA256","1F9C9757A7F470DDDDC85CE69F912ABFF5970F52DE85076880E6490A9D5CAE33","C:\aureon-swarm\logs\mission_agent_17.json"
"SHA256","308736698921DAC07381F4EDCD9763D8024696F863955BDC1B5E4E75FECCC3D8","C:\aureon-swarm\logs\mission_agent_18.json"
"SHA256","E1583BFA3382283E7B2530CE7DCF9776304B9CC9A74AE6976E897C508771DDF1","C:\aureon-swarm\logs\mission_agent_19.json"
"SHA256","76C2CEA0CB53AF62AA4700E18618E29B1E77544B90E86A9AAA6E2C5BF502C18D","C:\aureon-swarm\logs\mission_agent_2.json"
"SHA256","5C3C2D587178FBF766669682035798AF4B251FB71942C1840E176F3BD0BA05ED","C:\aureon-swarm\logs\mission_agent_20.json"
"SHA256","699262564A84252FB6190F93F0A911ED76D488AE2CE03543DBD6037DB52FF690","C:\aureon-swarm\logs\mission_agent_21.json"
"SHA256","1A04BD1275F08A4A455C85CDE3E77006C814D9234258B2724F8121764151622B","C:\aureon-swarm\logs\mission_agent_22.json"
"SHA256","6E8FA3CD9F9EF6B0F05B67533B8434D70A2B5FF07C830589165E033F48723BD1","C:\aureon-swarm\logs\mission_agent_23.json"
"SHA256","5791ED6816640C89EDB6F493E5919F879B40449AD01E424319E760BA5C99B3CE","C:\aureon-swarm\logs\mission_agent_24.json"
"SHA256","212A073F811BDC75F1FF665FE306F2AD949CFCA125816EAE4795A0D7FFD1FA57","C:\aureon-swarm\logs\mission_agent_25.json"
"SHA256","669C70C29136E8DD1652BC52C9E8AB4F48AC1511136C9307F951CB26A8C5D8FB","C:\aureon-swarm\logs\mission_agent_26.json"
"SHA256","7C62D3CCE6E641757BFD1B5D04BB57103247DBFA1B20002003B6E26408A22A8C","C:\aureon-swarm\logs\mission_agent_27.json"
"SHA256","63340DE08951531BE0FD9F0760BD33FE16EDF5C46AC6806361396B1797076C81","C:\aureon-swarm\logs\mission_agent_28.json"
"SHA256","FABFE4D9EBEE475869E73F1AD3CA2F873AB0B6DC461CBEBCBB9638D54AD0FDAE","C:\aureon-swarm\logs\mission_agent_29.json"
"SHA256","8D250D9075A28BBA663B60BF2C9CC8E346841ADAD58A5B4E424551280308188D","C:\aureon-swarm\logs\mission_agent_3.json"
"SHA256","13D64F9270607352DAC2665AB2214A1C1ADB4C05EDA701043D709269B8C6DA25","C:\aureon-swarm\logs\mission_agent_30.json"
"SHA256","8764BFA5154D5DDDE5E9367D21E1F47BEEF41754A01E087DFAD68879942DF7FF","C:\aureon-swarm\logs\mission_agent_31.json"
"SHA256","63890CB2883EB014BE5B61332FD99CE5A9BA75023AC9E95E566AE6EE714ED6F5","C:\aureon-swarm\logs\mission_agent_32.json"
"SHA256","C159EEE94301C11E6548A1608612B1719CB99C26CBEDD15D9031A756E52660B9","C:\aureon-swarm\logs\mission_agent_33.json"
"SHA256","38F2CD21498BDF7D8EE04899EFA9563D218B2C174BAAD5233753722561B2AB01","C:\aureon-swarm\logs\mission_agent_34.json"
"SHA256","DDF66E0CB7562B033CA69FF93B04D6C33A0615AF42CCD44E01919267875411A7","C:\aureon-swarm\logs\mission_agent_35.json"
"SHA256","5508440A2D6479A64DF6AF08938796DB7ECA67CED9D1714990634701C8E7B7DF","C:\aureon-swarm\logs\mission_agent_36.json"
"SHA256","66E1C458B4216F21CE4DB66FAE81403FFF5A72AF23FBD1693F92C8F75A62F6FF","C:\aureon-swarm\logs\mission_agent_37.json"
"SHA256","A7ADECAC038111CA639479CCA4F4A06C29E5AF73295ECC4CF997310AFCE8D36C","C:\aureon-swarm\logs\mission_agent_38.json"
"SHA256","62B55052ED7B596642A21E7B03C68117B2D1167380B471A56CE52D6F2A75911C","C:\aureon-swarm\logs\mission_agent_39.json"
"SHA256","301DD1C10DDC45A513DBDC20BC2E7DB76824CF16099935A4EE554754BDF6384B","C:\aureon-swarm\logs\mission_agent_4.json"
"SHA256","21893F26BD66E4CA440C893E2F0398F014E99E370EC55D5C715F2A9C3AE77289","C:\aureon-swarm\logs\mission_agent_40.json"
"SHA256","B18786514D537A4E7EF951980FE5658ABD31A3E6FCBE659AF5FA21495C23A8A9","C:\aureon-swarm\logs\mission_agent_41.json"
"SHA256","38E35AA61521F1DE63AAD750CA92B1F1E06FFDFF033F5F2333CF4B77CCAE99D9","C:\aureon-swarm\logs\mission_agent_42.json"
"SHA256","4C61B2EF5B47BC56168F445485AC4392F3AC11A35AAF8B642089A2E9D4DF34D4","C:\aureon-swarm\logs\mission_agent_43.json"
"SHA256","F0654284D5B069BFBB919665555F53DDF8DF5949E5A95EBF7D94D7134F71A169","C:\aureon-swarm\logs\mission_agent_44.json"
"SHA256","CE419296C84336D365BABF257DC5415273002CD9B25F45F7EAD5674E1D04EF17","C:\aureon-swarm\logs\mission_agent_45.json"
"SHA256","AD1DCEA8224DFB6174A2888420B2B1E2F45BAEC80CE713C9D15BFE15D1CE9019","C:\aureon-swarm\logs\mission_agent_46.json"
"SHA256","BC8B33A9CDDDB2D777273D67089A60EB74663DFBD1231144DAC07D29D0ADA1C4","C:\aureon-swarm\logs\mission_agent_47.json"
"SHA256","BAA847F1B434171403CCFE3A379E0F6DA3175933A420656C28E01EB85E19AC17","C:\aureon-swarm\logs\mission_agent_48.json"
"SHA256","29F5CADC54BCC2E85D3A491F6F7932E6BBD733E0D1F493FF448DCE850AAA7334","C:\aureon-swarm\logs\mission_agent_49.json"
"SHA256","9E521B8BA09CA16DC06167F1FAC5BFBB3FC8DE18203FA88CEDE3F0F947685931","C:\aureon-swarm\logs\mission_agent_5.json"
"SHA256","7DC02D66D9E812AF17FB36C41125F3D59D1DA1D410DA571AB8D30A3481CA8E52","C:\aureon-swarm\logs\mission_agent_50.json"
"SHA256","B33A63C8BBA0CF493BADA71A1005693E79E21528ED79FBE38F31B88967AAE0A4","C:\aureon-swarm\logs\mission_agent_6.json"
"SHA256","F15032868766D1A22ACF73DA8855C54D2024AB9D3C01D3C0ECBEFBEBCBDCD964","C:\aureon-swarm\logs\mission_agent_7.json"
"SHA256","B1743B032FAE1F956915DBC1FBBF6A1A59A8CAF8E8B46C9498B51C6E66D381E8","C:\aureon-swarm\logs\mission_agent_8.json"
"SHA256","AAB085DB05A30B457842FEC9E1904DAB384812FA36A6ABFF3F049ACF0D037FDE","C:\aureon-swarm\logs\mission_agent_9.json"
"SHA256","A6EB259DC931E4EB34A01E09CED1D5FBD88DE1FF910645F926C867B8585161A6","C:\aureon-swarm\logs\orchestrator_run.log"
"SHA256","48D22D2CB6D8D36B2DD058AA988EB88EEC9C521FBA8163337FEF644DE10AADB9","C:\aureon-swarm\logs\zeros_agent_1.json"
"SHA256","8198AF85813A34698EB441A409EB250A1BE08FC77B99C6D4A02B16CF5B1640B8","C:\aureon-swarm\logs\zeros_agent_10.json"
"SHA256","5F5EE370A784183ED53221BB80DE646F0648336B1F4D9A5BBF362E7A1BAC76E0","C:\aureon-swarm\logs\_probe.log"
"SHA256","D8409E4AF6B04F6B76B7A009BE854189F124741D9F9A0252BEAEC9E085B893B6","C:\aureon-swarm\logs\__main__.rerun.log"
