"Algorithm","Hash","Path"
"SHA256","E2149034AF30C3C62AFE9BB50CCE49C3633C0CDA262674079BD72D95E19FAAC5","C:\aureon-swarm\agents\agent_01\__main__.py"
"SHA256","22F13A83E10414930DD13C10D11BC1F7A6FAE86350777EED2180A973B15C41F1","C:\aureon-swarm\agents\agent_01\TASK.txt"
"SHA256","800EC3E1C3A0548C650A572B8AEBAF665C409758A5D4BCE50D617E606C9E4013","C:\aureon-swarm\agents\agent_02\__main__.py"
"SHA256","7891C7DE3FEC708545F287F0018223DFFD5100E8900BB1198DC15245E87C85C3","C:\aureon-swarm\agents\agent_02\TASK.txt"
"SHA256","141CC2728E866A77FBA9007D319576947D33378B345772EA4594A5C705D62439","C:\aureon-swarm\agents\agent_03\__main__.py"
"SHA256","D2209CD37E2942C2BBB41E81CFA79B82F496D2EE6AC9C59F06643590F68C0D3B","C:\aureon-swarm\agents\agent_03\TASK.txt"
"SHA256","4405BD6BE92C611AA28C6C551078C166101507BADE6F51D376DDC66036417594","C:\aureon-swarm\agents\agent_04\__main__.py"
"SHA256","4B14DC8F061BC8A302994F0725FC83C1F9C1FA536E7FB1D657B41609EDBB140B","C:\aureon-swarm\agents\agent_04\TASK.txt"
"SHA256","B15E0625631EF29AC37D38648546C36F5B6933519E6BAD5632851C05DA22A56F","C:\aureon-swarm\agents\agent_05\__main__.py"
"SHA256","2AC76E021D611C0F687E43EF1DD1C7E5C1BB64457AE726DDD5C006BFF23254D7","C:\aureon-swarm\agents\agent_05\TASK.txt"
"SHA256","96ED3FB7356B85E2123AAA09AA506CD9E478BAA34BA9AE7AE10368732DAE9DD6","C:\aureon-swarm\agents\agent_06\__main__.py"
"SHA256","727410569C7BC8C0257B08C1F805227E29FE2A0829B3DCBBC6BDC8CA1C7ABD8D","C:\aureon-swarm\agents\agent_06\TASK.txt"
"SHA256","645D6E4F43D2303A3BFA7D4BEB489F29D2ED21EE9AD66E7FC2B7C864131A3C2F","C:\aureon-swarm\agents\agent_07\__main__.py"
"SHA256","FEA0AED503187CAD97823AA6744EC62DA1B8CFBCDC1C1303611D9FC309026A6F","C:\aureon-swarm\agents\agent_07\TASK.txt"
"SHA256","779DEDAB6AF10415DAE510E2D8D1056DBD3C7F52CD9A3FFDCE208543719D8958","C:\aureon-swarm\agents\agent_08\__main__.py"
"SHA256","B8CC9DB8E5716F84B0C6886A6D0319607EB2A271FE50715FA6B6F81DAF5D06DE","C:\aureon-swarm\agents\agent_08\TASK.txt"
"SHA256","C7A04239979D75BAE5E12A96AD258F30751B42F6FB93EA2FDB3B329E8CA18453","C:\aureon-swarm\agents\agent_09\__main__.py"
"SHA256","14349A3EAA1D80E1007ED0A13DBE2A86023425436811C6025BABB872C143EBD4","C:\aureon-swarm\agents\agent_09\TASK.txt"
"SHA256","A477AAE3691B7AB7FCB157C7174469E39A9083BB147507AA1654A22DC85448B8","C:\aureon-swarm\agents\agent_10\__main__.py"
"SHA256","FB3BEDD1F15B51320221C3061CFF6989DAD401176B873563C6C61D89F92DD800","C:\aureon-swarm\agents\agent_10\TASK.txt"
"SHA256","F3E36B59433D9F9EA82746CF185882385080DB00ABB4BDC0274A887549F64081","C:\aureon-swarm\agents\agent_11\__main__.py"
"SHA256","D016826E1323A7DC9E2EDC9466394B0430D7A0BA3020EE80DF2858CE8CC40072","C:\aureon-swarm\agents\agent_11\TASK.txt"
"SHA256","E4A17553C2CE3BB4DA9EBD2A7C9B6CEB487F01AC073C8C91CBF12B33B1455D8D","C:\aureon-swarm\agents\agent_12\__main__.py"
"SHA256","F6FF39454816A0B22863A87C81268B990A5785E01A08063700A7A68DA178E4F0","C:\aureon-swarm\agents\agent_12\TASK.txt"
"SHA256","DB6ADF9E22A96491A1F04AF62EDD8D230082482CAE221B9D6867E06E6198689C","C:\aureon-swarm\agents\agent_13\__main__.py"
"SHA256","21E6F34B3C5EF12DED90AD72D0849F6F28919942A171B8F11A391A6366686432","C:\aureon-swarm\agents\agent_13\TASK.txt"
"SHA256","675FD2EB34E83614B7FA418D14164560347D75B6C5E434D2865D041AE84A345D","C:\aureon-swarm\agents\agent_14\__main__.py"
"SHA256","E976345838C0E07D48B6890ADAF2F7D6FCE743FE8035AA9E7CD12B6ACDCB7CA2","C:\aureon-swarm\agents\agent_14\TASK.txt"
"SHA256","480BABCD054AA29CB1729C00E66473F0B561E2B26A97297A1930C546EC470719","C:\aureon-swarm\agents\agent_15\__main__.py"
"SHA256","834F7D0C15D47CB3A427FC733A087F017F2B92FD72D6D9BD3CD07889C5048F02","C:\aureon-swarm\agents\agent_15\TASK.txt"
"SHA256","B680AE1443B5A480B50BBC492EA2553CC56F7923A6E8B3460AFFEBD7C7AA156B","C:\aureon-swarm\agents\agent_16\__main__.py"
"SHA256","E08CC8A2B4F95EA1B595B5908E9D2D262E932C5B3EFEAB9B1D8AE892C676E185","C:\aureon-swarm\agents\agent_16\TASK.txt"
"SHA256","B21FEBE2D3D2FBBD98F4B6744FC8DCCDF8B52840F3BB8161D1B2B6E2B9BD2ABC","C:\aureon-swarm\agents\agent_17\__main__.py"
"SHA256","533A9AF33648736D022D34FB0E3A107E4884ED9A2F80E15C30B04C28C805CF49","C:\aureon-swarm\agents\agent_17\TASK.txt"
"SHA256","1479DD8160FAA4FDE5DA5B27C64AC7F77447B25647AFAD8B41C4FBE54F216841","C:\aureon-swarm\agents\agent_18\__main__.py"
"SHA256","1F06655964A9A1B0C04B40942D46D2134CEF294631A731BB7B5B322A17C06BA5","C:\aureon-swarm\agents\agent_18\TASK.txt"
"SHA256","5818263567FAB9BCBC211E057663805BDC92E52948CD9AFC3F6376F36FDBC7AF","C:\aureon-swarm\agents\agent_19\__main__.py"
"SHA256","D91AABFFB40FD7993902DF4A79B9C4003B5FFFAD11553B9028BB46A690C3C459","C:\aureon-swarm\agents\agent_19\TASK.txt"
"SHA256","2749E25237E6C7D7BF816894CCB1F057450BFEC4579AF421B68CC4BF602D5C45","C:\aureon-swarm\agents\agent_20\__main__.py"
"SHA256","DFF3D9ECC70914400A35537301C7C0EC19F05AB2EEF5C2043A95CD46CDFB8A85","C:\aureon-swarm\agents\agent_20\TASK.txt"
"SHA256","14F5203B7AE69DFAEDE728C35A5BD55CF128B7CEBFE83A2F99B6625741CE3B6F","C:\aureon-swarm\agents\agent_21\__main__.py"
"SHA256","9015DCA0E0D458616F3EE68A67F4507FD8C3B62681EFF6634F07440F35263A7E","C:\aureon-swarm\agents\agent_21\TASK.txt"
"SHA256","2733DA6A39636B60530BB15FF5D215016AD15C4AD0E49AD63F5B6C0ADE8BB433","C:\aureon-swarm\agents\agent_22\__main__.py"
"SHA256","23779E3843F3A4CE3C7152874484265F4BC4216ED5C5677CA152D70806546EA9","C:\aureon-swarm\agents\agent_22\TASK.txt"
"SHA256","FF612BD9A1A5F4B2462479ECCD8485AAABA3FCBFC99ECEA57F34192A12C3755B","C:\aureon-swarm\agents\agent_23\__main__.py"
"SHA256","E2811480E4A19B416DA3988A2D221917046182B173E3CB1F28E77ADD9ADA1740","C:\aureon-swarm\agents\agent_23\TASK.txt"
"SHA256","A7F7D0AC971D691B1B192D507702A24B96BA5546BF09FC6E078AF821B8AC09E4","C:\aureon-swarm\agents\agent_24\__main__.py"
"SHA256","7B84CCBE38A2529B8B43A117AC28B5040D54A4EFE400E54C7EC8C0B95F6C738C","C:\aureon-swarm\agents\agent_24\TASK.txt"
"SHA256","3BCFC9E5EAAA4CC228E286CD0CBC01606C1DB27AE4FA558E4FA68387441DC7C5","C:\aureon-swarm\agents\agent_25\__main__.py"
"SHA256","5CA353B8889F17F63BA26D7CC9A1223911C833E8F8629831183EBC66BFAB32A0","C:\aureon-swarm\agents\agent_25\TASK.txt"
"SHA256","EF0B757B806136B1F45FD241CEF1F4E7FB84CF3D26E1DFFDFC634DB75FADB895","C:\aureon-swarm\agents\agent_26\__main__.py"
"SHA256","B6B76F7A731A0E862126585281926F4DAF68F1F7D5D8DD22BB43EA92B3530D50","C:\aureon-swarm\agents\agent_26\TASK.txt"
"SHA256","46972DF37C2E184543563DB869C1125BC4BF3D1D956A5C1862197B794E6C58B5","C:\aureon-swarm\agents\agent_27\__main__.py"
"SHA256","E7F9B290BFD6F3786673A6274B808747B7D7F6503BE4F7DBD3324B31C276B2A7","C:\aureon-swarm\agents\agent_27\TASK.txt"
"SHA256","88729AD3DF381A30EE919847EC5AECA15EBCE29A4A04030709FCF8F7E4809C6E","C:\aureon-swarm\agents\agent_28\__main__.py"
"SHA256","F255E92ED20A5C78559E9D11F4DC070679F8074D7BA48DD0C46E342E94CBA62E","C:\aureon-swarm\agents\agent_28\TASK.txt"
"SHA256","3D2FC856865FE0947D7DE0077AC9CA791DA70DB5AA1F5A05DD34E844D5D4F5F5","C:\aureon-swarm\agents\agent_29\__main__.py"
"SHA256","3583BB73CD30526BAC4239DFAA301E6D7EF6E664AC78C3E4DD6264A1C83872E8","C:\aureon-swarm\agents\agent_29\TASK.txt"
"SHA256","9FD22D187242105A926FBC9D9C2554E09E5C3500729AE170CB9CF8C880179BBA","C:\aureon-swarm\agents\agent_30\__main__.py"
"SHA256","6E6D180149B1E05DD2E3B27FA9CC6D50C672D58443CFA0B06B4D1A3D3F8F7401","C:\aureon-swarm\agents\agent_30\TASK.txt"
"SHA256","EEFF14E94926180D559B4AA4792AD42E2740B5C31570109B90869335B13AED3E","C:\aureon-swarm\agents\agent_31\__main__.py"
"SHA256","E286FD322526C75FC07D7776D459784BC7F0F58E9C6AE1C68FA93D10FEED364D","C:\aureon-swarm\agents\agent_31\TASK.txt"
"SHA256","8C1A9EB84DE3BE0A8F6FFC36857461CF74B2577C030EE089AD456F007FA66F92","C:\aureon-swarm\agents\agent_32\__main__.py"
"SHA256","7190C9110453F2E0C7A2AB8CDE3EA2E86C23A906D96F5790B610A50E9674E14D","C:\aureon-swarm\agents\agent_32\TASK.txt"
"SHA256","08DCFB7F4A9E142D7DE4019CC39E41DEBDB40910C3694B7AC434D6F5D48FA953","C:\aureon-swarm\agents\agent_33\__main__.py"
"SHA256","9DD5225E9546C2FE29602F73EECC5B94E0AECE9F93AB4D284A98BAAACD8AF557","C:\aureon-swarm\agents\agent_33\TASK.txt"
"SHA256","6A3B0AA237DB6FC56E1602D938DAAA37B13E3A57170A6D4025E8D7FD83BE5A74","C:\aureon-swarm\agents\agent_34\__main__.py"
"SHA256","6E5557763F0659C511C79A46B006A6D947966FFAC21261209767EF8521211974","C:\aureon-swarm\agents\agent_34\TASK.txt"
"SHA256","53BFE5546A8DC70641B2A80ED351FFF4B0301B3B5AA8360EC3156147A757DEE0","C:\aureon-swarm\agents\agent_35\__main__.py"
"SHA256","03D8FA867453626A5AC575E087C1183BF725E8091B8086BD17EC926318E65201","C:\aureon-swarm\agents\agent_35\TASK.txt"
"SHA256","26F0DBCDCAAD10612ECE89A15DD9CCCC6CFC22B5FBDF2E4D83955D880CDA4A79","C:\aureon-swarm\agents\agent_36\__main__.py"
"SHA256","FC32EEE845B15091C832DBDDD8B46FA1602305F514E434A4D5721D7E8D9F3F82","C:\aureon-swarm\agents\agent_36\TASK.txt"
"SHA256","A51F74A03029476E78B33854EA10599987EAB267A01FF4EB0111C2AE962C7EFE","C:\aureon-swarm\agents\agent_37\__main__.py"
"SHA256","F391D6CB7F569DC742966E6A9DFEA3A562DDF4417D90CC0A800DCE2846FCA931","C:\aureon-swarm\agents\agent_37\TASK.txt"
"SHA256","653F302F6402E3C3A8355C825CB796F2FA430B1430138043FE60AFAC9196A267","C:\aureon-swarm\agents\agent_38\__main__.py"
"SHA256","2FB5F113A0FE2DF4519CD9D4FC430FFCDAF365F60184BF49EAF8ADB378151025","C:\aureon-swarm\agents\agent_38\TASK.txt"
"SHA256","E1E9E2CD5DC3587D0F3A749F74EA0966F0A5EEB790A2D477DA63C2C044D9A81B","C:\aureon-swarm\agents\agent_39\__main__.py"
"SHA256","D9544AC035481E7307298A8B6DAB6108EDD0853F5B256F2ACD53D0171DA4D62F","C:\aureon-swarm\agents\agent_39\TASK.txt"
"SHA256","6A6B0611C20B8E48F5DFFAF26D4A55BADCE65DA9DAA963B199DDC19584EA32A9","C:\aureon-swarm\agents\agent_40\__main__.py"
"SHA256","64B9E268416E43697FAD8FDA341BCC4080C322358D919A9EC6E0D0DFC306B345","C:\aureon-swarm\agents\agent_40\TASK.txt"
"SHA256","A39573076E10BBF2272DC0F0F4E39B6354B9C141E7B55CEB5F29DA3257B8F901","C:\aureon-swarm\agents\agent_41\__main__.py"
"SHA256","E96597164AC2D97822DE014C478E6C76E8A1B829CF7782F8CC1D41F5E09F139D","C:\aureon-swarm\agents\agent_41\TASK.txt"
"SHA256","282481965DC932B0D41F0C6E7D8E923641539E2C79542F60E3488CE9DCC2ECDB","C:\aureon-swarm\agents\agent_42\__main__.py"
"SHA256","0EDEC6C304F26DFD9A6BE7900EBF1EEA455F1D5ED1F9FCEC482B3E38C58FB350","C:\aureon-swarm\agents\agent_42\TASK.txt"
"SHA256","4A6213D00B0A4F022F06244EFE77B4A5E2D96AD37B11E65F16FE440F5D73D2BF","C:\aureon-swarm\agents\agent_43\__main__.py"
"SHA256","BA6E5C8E6546A1BACE068483B329A84AB2AC410396B08A71BD3E2C5784181A51","C:\aureon-swarm\agents\agent_43\TASK.txt"
"SHA256","98EAE122DBFE2543B1BA86CC17788F04A5B7F3EE1E1B0BC1F8F2379490A672F2","C:\aureon-swarm\agents\agent_44\__main__.py"
"SHA256","08B3B4FF87A21F17C31189401CC82627C824D7A053C28F82528543F44EF63645","C:\aureon-swarm\agents\agent_44\TASK.txt"
"SHA256","92549CC55FD547B517560F5F9C42FEB442F4BA11322ABBE2016E1DE1C20F08F7","C:\aureon-swarm\agents\agent_45\__main__.py"
"SHA256","2A3D5001FE1E62DB7397FD66F630650BC99381BE7DA39E819E8E29AFCDB4B2F2","C:\aureon-swarm\agents\agent_45\TASK.txt"
"SHA256","AC2FDA643F1FB047DA1E12A7721F665AE3BD598721D544953C4513DF3D376B1B","C:\aureon-swarm\agents\agent_46\__main__.py"
"SHA256","811414311638D800B020A0E6D42927A210DD3CF44F8EE44C2431A410AA96AE4E","C:\aureon-swarm\agents\agent_46\TASK.txt"
"SHA256","EDBAD58B20D942C2C2CF72211C9023FAD56945A1760141712BB2CEF11D3C52F4","C:\aureon-swarm\agents\agent_47\__main__.py"
"SHA256","FC4450D3C5B89DC092AC095F8E3E7D86563CAF1B62F9300722C1F79FC69F20D4","C:\aureon-swarm\agents\agent_47\TASK.txt"
"SHA256","DF3BA739340C448C93779867C4C2C50BA9C2D45E18A172A42DDB54BBCE3238AE","C:\aureon-swarm\agents\agent_48\__main__.py"
"SHA256","C10B813B7A0F1927FFA0FFD8B99893D5B7FB1505EE08E2F7588F6BF4DA0F7720","C:\aureon-swarm\agents\agent_48\TASK.txt"
"SHA256","F38B7560A68FBE1886476892FA7A1C4F2BF724C5E3BC459ED35DE408DD863EEE","C:\aureon-swarm\agents\agent_49\__main__.py"
"SHA256","4B382E30F9C86D0EF07353030833DBEB56CB78E0BB9CB2316F340A01B9BED449","C:\aureon-swarm\agents\agent_49\TASK.txt"
"SHA256","02F679254A4AB517E0D4BE6035A93C5128FC68C87565C4634985DA27B5771A17","C:\aureon-swarm\agents\agent_50\__main__.py"
"SHA256","9F575BEBF069D4A359CB70C48E0EDD737778F3A3FFF760A9AD04002418BAA0E3","C:\aureon-swarm\agents\agent_50\TASK.txt"
"SHA256","8739C76E681F900923B900C9DF0EF75CF421D39CABB54650C4B9AD19B6A76D85","C:\aureon-swarm\Aureon Swam Agents.zip"
"SHA256","CD617F3A53F242C238FD647D4B3978BE2B4E3CED06CD02F24210B06B0AB5790E","C:\aureon-swarm\convergence_matrix.csv"
"SHA256","1B699DAB9634D75FEFF0C5FBBB2E50FD577446A6CE6CC147C12B72250F3CC931","C:\aureon-swarm\convergence_summary.txt"
"SHA256","708AD4059CBB7DD9C8951F065AC57AECB85CC2CBED9AB23255623BE935C99BA4","C:\aureon-swarm\LLM_EVALUATION_CORPUS.txt"
"SHA256","D8409E4AF6B04F6B76B7A009BE854189F124741D9F9A0252BEAEC9E085B893B6","C:\aureon-swarm\logs\__main__.rerun.log"
"SHA256","5F5EE370A784183ED53221BB80DE646F0648336B1F4D9A5BBF362E7A1BAC76E0","C:\aureon-swarm\logs\_probe.log"
"SHA256","5A7557E6442AD9136D33FB7E2CE50CC7C10BE905D13919FBEE71C88C9BA1BF1B","C:\aureon-swarm\logs\agent_01.run.log"
"SHA256","CF4A8AB955F389E44877DE9F6F553230A0F0DF004D4A9BBEC923536845E7AE5C","C:\aureon-swarm\logs\agent_01_run.log"
"SHA256","5A7557E6442AD9136D33FB7E2CE50CC7C10BE905D13919FBEE71C88C9BA1BF1B","C:\aureon-swarm\logs\agent_02.run.log"
"SHA256","364EBF6C63866E26DB4FB5463D5FFC43E4BCBBAA07F8316ACD397C0BDFE61549","C:\aureon-swarm\logs\agent_02_run.log"
"SHA256","5A7557E6442AD9136D33FB7E2CE50CC7C10BE905D13919FBEE71C88C9BA1BF1B","C:\aureon-swarm\logs\agent_03.run.log"
"SHA256","09A50661A90A87FEC67CBEA9F6F03315ADA0E0A4B1C7287F0C58DC9C9AEC3E19","C:\aureon-swarm\logs\agent_03_run.log"
"SHA256","5A7557E6442AD9136D33FB7E2CE50CC7C10BE905D13919FBEE71C88C9BA1BF1B","C:\aureon-swarm\logs\agent_04.run.log"
"SHA256","ECB5A3C3520FA3640DD773AD9A8497C5DF5475BA58B0715B9504E69F47CE1F22","C:\aureon-swarm\logs\agent_04_run.log"
"SHA256","5A7557E6442AD9136D33FB7E2CE50CC7C10BE905D13919FBEE71C88C9BA1BF1B","C:\aureon-swarm\logs\agent_05.run.log"
"SHA256","EBC4DC37BDDCC1EC93F3A74B50ED0E9C98B284074E0E591BD37FF668639499DD","C:\aureon-swarm\logs\agent_05_run.log"
"SHA256","5A7557E6442AD9136D33FB7E2CE50CC7C10BE905D13919FBEE71C88C9BA1BF1B","C:\aureon-swarm\logs\agent_06.run.log"
"SHA256","6C33729C8A39FA873D48BF5F937C7DEF420F075ADB819DBA89123A3DBC32935C","C:\aureon-swarm\logs\agent_06_run.log"
"SHA256","5A7557E6442AD9136D33FB7E2CE50CC7C10BE905D13919FBEE71C88C9BA1BF1B","C:\aureon-swarm\logs\agent_07.run.log"
"SHA256","455B3FBF9ED387F18404AB34783AC7F00ABE824BE424849FC309D204B640CFDE","C:\aureon-swarm\logs\agent_07_run.log"
"SHA256","5A7557E6442AD9136D33FB7E2CE50CC7C10BE905D13919FBEE71C88C9BA1BF1B","C:\aureon-swarm\logs\agent_08.run.log"
"SHA256","8891E8D855D71C93819B5057C9A2F6B121B2854D91E40516C6A690AC16A760FD","C:\aureon-swarm\logs\agent_08_run.log"
"SHA256","5A7557E6442AD9136D33FB7E2CE50CC7C10BE905D13919FBEE71C88C9BA1BF1B","C:\aureon-swarm\logs\agent_09.run.log"
"SHA256","551BA431580AC7F51EF4F1FE0F4D6AF2945411974B466B4110FD1EB0CACF5813","C:\aureon-swarm\logs\agent_09_run.log"
"SHA256","5A7557E6442AD9136D33FB7E2CE50CC7C10BE905D13919FBEE71C88C9BA1BF1B","C:\aureon-swarm\logs\agent_10.run.log"
"SHA256","CE1552C3C62AB67B92B49A3F6788E53DBD26ADAABC084CAFEC7D21276B46D362","C:\aureon-swarm\logs\agent_10_run.log"
"SHA256","5A7557E6442AD9136D33FB7E2CE50CC7C10BE905D13919FBEE71C88C9BA1BF1B","C:\aureon-swarm\logs\agent_11.run.log"
"SHA256","F17376D554608806A6E71547F64C13F13230083121C984B561E083B43E853870","C:\aureon-swarm\logs\agent_11_run.log"
"SHA256","5A7557E6442AD9136D33FB7E2CE50CC7C10BE905D13919FBEE71C88C9BA1BF1B","C:\aureon-swarm\logs\agent_12.run.log"
"SHA256","0C067136200BDD32EB012763761A78DAFB268BE8CEF00FFF46CCD0ECE6325514","C:\aureon-swarm\logs\agent_12_run.log"
"SHA256","5A7557E6442AD9136D33FB7E2CE50CC7C10BE905D13919FBEE71C88C9BA1BF1B","C:\aureon-swarm\logs\agent_13.run.log"
"SHA256","86638CA1426B02C00455AA1B51E0FA582C5512E5EDB86C72C200DDF006C555C4","C:\aureon-swarm\logs\agent_13_run.log"
"SHA256","5A7557E6442AD9136D33FB7E2CE50CC7C10BE905D13919FBEE71C88C9BA1BF1B","C:\aureon-swarm\logs\agent_14.run.log"
"SHA256","C04662FDB97683055B196728A8A07A32269A3932DE6073F9E710E0C711151F60","C:\aureon-swarm\logs\agent_14_run.log"
"SHA256","5A7557E6442AD9136D33FB7E2CE50CC7C10BE905D13919FBEE71C88C9BA1BF1B","C:\aureon-swarm\logs\agent_15.run.log"
"SHA256","D652DA6D35911C0B0CB1BCEE93E57B766EFE90C272CD61B6C3C82BEAD2CD4B3F","C:\aureon-swarm\logs\agent_15_run.log"
"SHA256","5A7557E6442AD9136D33FB7E2CE50CC7C10BE905D13919FBEE71C88C9BA1BF1B","C:\aureon-swarm\logs\agent_16.run.log"
"SHA256","DF2FB85571DBE8F7842270DF845AA8A23321AF40F9305C57332887B2B28D2351","C:\aureon-swarm\logs\agent_16_run.log"
"SHA256","5A7557E6442AD9136D33FB7E2CE50CC7C10BE905D13919FBEE71C88C9BA1BF1B","C:\aureon-swarm\logs\agent_17.run.log"
"SHA256","48401DF9F22BA3FA4C93B5B43CE9FD6CA2AAF5474C0CA082471DFFE4A9650798","C:\aureon-swarm\logs\agent_17_run.log"
"SHA256","5A7557E6442AD9136D33FB7E2CE50CC7C10BE905D13919FBEE71C88C9BA1BF1B","C:\aureon-swarm\logs\agent_18.run.log"
"SHA256","88427926A9AA1C925B92574F2E080D13D2E3B777CC283129912B3E17A5435907","C:\aureon-swarm\logs\agent_18_run.log"
"SHA256","5A7557E6442AD9136D33FB7E2CE50CC7C10BE905D13919FBEE71C88C9BA1BF1B","C:\aureon-swarm\logs\agent_19.run.log"
"SHA256","66AE9368A60C46578501F97B4B4012E982B91AF40F32D3B71F3E55DE04326305","C:\aureon-swarm\logs\agent_19_run.log"
"SHA256","5A7557E6442AD9136D33FB7E2CE50CC7C10BE905D13919FBEE71C88C9BA1BF1B","C:\aureon-swarm\logs\agent_20.run.log"
"SHA256","60C1EC2A4A667ABB4B840697083A278DFF1F15A73C97593ADFE9FCB86A61D88E","C:\aureon-swarm\logs\agent_20_run.log"
"SHA256","5A7557E6442AD9136D33FB7E2CE50CC7C10BE905D13919FBEE71C88C9BA1BF1B","C:\aureon-swarm\logs\agent_21.run.log"
"SHA256","BA55F76EE1F9638C26780666A21E1B7740A6037738114538413AE421505773CE","C:\aureon-swarm\logs\agent_21_run.log"
"SHA256","5A7557E6442AD9136D33FB7E2CE50CC7C10BE905D13919FBEE71C88C9BA1BF1B","C:\aureon-swarm\logs\agent_22.run.log"
"SHA256","314B00D57CE5EE06345227939A742DB4F88FE724F2387B63F679BAE7EAA76FDC","C:\aureon-swarm\logs\agent_22_run.log"
"SHA256","5A7557E6442AD9136D33FB7E2CE50CC7C10BE905D13919FBEE71C88C9BA1BF1B","C:\aureon-swarm\logs\agent_23.run.log"
"SHA256","66B7B0C7BA0BDB0E2F2EDB4F0A9CB4F09E1A3157178BBA4361D8C6CBA4ED5918","C:\aureon-swarm\logs\agent_23_run.log"
"SHA256","5A7557E6442AD9136D33FB7E2CE50CC7C10BE905D13919FBEE71C88C9BA1BF1B","C:\aureon-swarm\logs\agent_24.run.log"
"SHA256","FE81F03C173C3564246A578146F79763179DD041D84E44E0C2A7FB7A987D0D49","C:\aureon-swarm\logs\agent_24_run.log"
"SHA256","5A7557E6442AD9136D33FB7E2CE50CC7C10BE905D13919FBEE71C88C9BA1BF1B","C:\aureon-swarm\logs\agent_25.run.log"
"SHA256","2C7AE57E9AC44A11355E8BFEA7E4719FF2934985B59C10E62E18AC7B5491CB89","C:\aureon-swarm\logs\agent_25_run.log"
"SHA256","5A7557E6442AD9136D33FB7E2CE50CC7C10BE905D13919FBEE71C88C9BA1BF1B","C:\aureon-swarm\logs\agent_26.run.log"
"SHA256","4A122194C082B51D54305789BA5BEF60D0F1D7C760CFFCB263A3D6981FFD3A83","C:\aureon-swarm\logs\agent_26_run.log"
"SHA256","5A7557E6442AD9136D33FB7E2CE50CC7C10BE905D13919FBEE71C88C9BA1BF1B","C:\aureon-swarm\logs\agent_27.run.log"
"SHA256","73AAA8541825F3D051B619640317CEFE7D1FA50CBE8A852B748758FA7BC7B07A","C:\aureon-swarm\logs\agent_27_run.log"
"SHA256","5A7557E6442AD9136D33FB7E2CE50CC7C10BE905D13919FBEE71C88C9BA1BF1B","C:\aureon-swarm\logs\agent_28.run.log"
"SHA256","73B8494F3789A974CFD53133DBB90F1D4CDD64AB14371AC47D3D1239CE38EDF9","C:\aureon-swarm\logs\agent_28_run.log"
"SHA256","5A7557E6442AD9136D33FB7E2CE50CC7C10BE905D13919FBEE71C88C9BA1BF1B","C:\aureon-swarm\logs\agent_29.run.log"
"SHA256","B74767191FADA4509BD0CF17539976174887B853C751CCE70D2B80C9F3B7B94D","C:\aureon-swarm\logs\agent_29_run.log"
"SHA256","5A7557E6442AD9136D33FB7E2CE50CC7C10BE905D13919FBEE71C88C9BA1BF1B","C:\aureon-swarm\logs\agent_30.run.log"
"SHA256","94EC884FB3DE78591C69CC588A863B1575F6DE989D368559D2E66A770356A01F","C:\aureon-swarm\logs\agent_30_run.log"
"SHA256","5A7557E6442AD9136D33FB7E2CE50CC7C10BE905D13919FBEE71C88C9BA1BF1B","C:\aureon-swarm\logs\agent_31.run.log"
"SHA256","F0E3BA0991EA197D25D35E81A6AFB2DE6FCAC1381196A51F6A9A1A7D1156599F","C:\aureon-swarm\logs\agent_31_run.log"
"SHA256","5A7557E6442AD9136D33FB7E2CE50CC7C10BE905D13919FBEE71C88C9BA1BF1B","C:\aureon-swarm\logs\agent_32.run.log"
"SHA256","F34F1B745E8C270A5A8D81F42F9DAAF3B73097A47F6CBBD94E5DEED59A60865F","C:\aureon-swarm\logs\agent_32_run.log"
"SHA256","5A7557E6442AD9136D33FB7E2CE50CC7C10BE905D13919FBEE71C88C9BA1BF1B","C:\aureon-swarm\logs\agent_33.run.log"
"SHA256","3A6970DAA90A57B1082E0F49D6AD57CC6E7625C1A41906E381673846A0FCF0D4","C:\aureon-swarm\logs\agent_33_run.log"
"SHA256","5A7557E6442AD9136D33FB7E2CE50CC7C10BE905D13919FBEE71C88C9BA1BF1B","C:\aureon-swarm\logs\agent_34.run.log"
"SHA256","632D07493A4AF2490A8100BF01875D2ED82388B68F9677816DBC5E38F9251627","C:\aureon-swarm\logs\agent_34_run.log"
"SHA256","5A7557E6442AD9136D33FB7E2CE50CC7C10BE905D13919FBEE71C88C9BA1BF1B","C:\aureon-swarm\logs\agent_35.run.log"
"SHA256","459081C31A589A1C6C2BBC220FB87C90088A3D47040AF5587BB2C388F22184F2","C:\aureon-swarm\logs\agent_35_run.log"
"SHA256","5A7557E6442AD9136D33FB7E2CE50CC7C10BE905D13919FBEE71C88C9BA1BF1B","C:\aureon-swarm\logs\agent_36.run.log"
"SHA256","E9DD361C314647FCEECE131DDD439D56A0CC8B3926535E1447E0F0C5E9532F2A","C:\aureon-swarm\logs\agent_36_run.log"
"SHA256","5A7557E6442AD9136D33FB7E2CE50CC7C10BE905D13919FBEE71C88C9BA1BF1B","C:\aureon-swarm\logs\agent_37.run.log"
"SHA256","B93E0554212B9BB61AE6EBC6A0293DF36CFEAD6248DAA01D315F4A0F7EC6BF39","C:\aureon-swarm\logs\agent_37_run.log"
"SHA256","5A7557E6442AD9136D33FB7E2CE50CC7C10BE905D13919FBEE71C88C9BA1BF1B","C:\aureon-swarm\logs\agent_38.run.log"
"SHA256","E9859D769195F1B0C58756C3D4E931E89BCC91DE6456E1EAA6EFE5EDDDD0CE0C","C:\aureon-swarm\logs\agent_38_run.log"
"SHA256","5A7557E6442AD9136D33FB7E2CE50CC7C10BE905D13919FBEE71C88C9BA1BF1B","C:\aureon-swarm\logs\agent_39.run.log"
"SHA256","7240012BB3075464E4FDE19CA7C082E8A431B4766CA95A526128A135CA1464A8","C:\aureon-swarm\logs\agent_39_run.log"
"SHA256","5A7557E6442AD9136D33FB7E2CE50CC7C10BE905D13919FBEE71C88C9BA1BF1B","C:\aureon-swarm\logs\agent_40.run.log"
"SHA256","911BF589ACACEFCE05C75B81D4278D3914C7200C6455A82D32A72B3EC349171A","C:\aureon-swarm\logs\agent_40_run.log"
"SHA256","5A7557E6442AD9136D33FB7E2CE50CC7C10BE905D13919FBEE71C88C9BA1BF1B","C:\aureon-swarm\logs\agent_41.run.log"
"SHA256","69CAAFEADEDDC169EA14EA55DB0C63B9681250CAED360CAAC80A056208235A31","C:\aureon-swarm\logs\agent_41_run.log"
"SHA256","5A7557E6442AD9136D33FB7E2CE50CC7C10BE905D13919FBEE71C88C9BA1BF1B","C:\aureon-swarm\logs\agent_42.run.log"
"SHA256","DCE4BE90AFB8BDB2DBBBB710DCFAE7FACD30BE431C3E74DE4A493F5FC8400813","C:\aureon-swarm\logs\agent_42_run.log"
"SHA256","5A7557E6442AD9136D33FB7E2CE50CC7C10BE905D13919FBEE71C88C9BA1BF1B","C:\aureon-swarm\logs\agent_43.run.log"
"SHA256","A1BBEF0A9CB7A52060A81790702D7365232C737892B472896467DC894B9A4E40","C:\aureon-swarm\logs\agent_43_run.log"
"SHA256","5A7557E6442AD9136D33FB7E2CE50CC7C10BE905D13919FBEE71C88C9BA1BF1B","C:\aureon-swarm\logs\agent_44.run.log"
"SHA256","6544675D8BE96CEAD7D1602D654AF883592091D6B9D694791224EAA749576F3A","C:\aureon-swarm\logs\agent_44_run.log"
"SHA256","5A7557E6442AD9136D33FB7E2CE50CC7C10BE905D13919FBEE71C88C9BA1BF1B","C:\aureon-swarm\logs\agent_45.run.log"
"SHA256","9C7C6221E5C43EAA1A1222EB351E0D19E75FF34BD47129469BC155B3239EE3CB","C:\aureon-swarm\logs\agent_45_run.log"
"SHA256","5A7557E6442AD9136D33FB7E2CE50CC7C10BE905D13919FBEE71C88C9BA1BF1B","C:\aureon-swarm\logs\agent_46.run.log"
"SHA256","BAE8F54E3670B3A628FEB55244D2B34B044267F6E025EBE2C3D81BF317FCA6A9","C:\aureon-swarm\logs\agent_46_run.log"
"SHA256","5A7557E6442AD9136D33FB7E2CE50CC7C10BE905D13919FBEE71C88C9BA1BF1B","C:\aureon-swarm\logs\agent_47.run.log"
"SHA256","592E9A3CD20AEC3304BFB4FDF0C0F0FD7F3F9799AC4D076B708F7E88C81176F8","C:\aureon-swarm\logs\agent_47_run.log"
"SHA256","5A7557E6442AD9136D33FB7E2CE50CC7C10BE905D13919FBEE71C88C9BA1BF1B","C:\aureon-swarm\logs\agent_48.run.log"
"SHA256","0EABBB0CB2843086AD70B8703897C95ED322286FFA531EFA09359F90D98A5B83","C:\aureon-swarm\logs\agent_48_run.log"
"SHA256","5A7557E6442AD9136D33FB7E2CE50CC7C10BE905D13919FBEE71C88C9BA1BF1B","C:\aureon-swarm\logs\agent_49.run.log"
"SHA256","20550A914688A805E1BFDD79A42E3E629175BDC31EAFCC86782A09EB8893C049","C:\aureon-swarm\logs\agent_49_run.log"
"SHA256","5A7557E6442AD9136D33FB7E2CE50CC7C10BE905D13919FBEE71C88C9BA1BF1B","C:\aureon-swarm\logs\agent_50.run.log"
"SHA256","D8409E4AF6B04F6B76B7A009BE854189F124741D9F9A0252BEAEC9E085B893B6","C:\aureon-swarm\logs\agent_50_run.log"
"SHA256","F7CFAA470B3400A0D64B11AEFD92E247B2C835F7AAB4B2E08C99C40A587F44A0","C:\aureon-swarm\logs\AGENT_OUTPUT_RANKING.txt"
"SHA256","A6EB259DC931E4EB34A01E09CED1D5FBD88DE1FF910645F926C867B8585161A6","C:\aureon-swarm\logs\orchestrator_run.log"
"SHA256","8739C76E681F900923B900C9DF0EF75CF421D39CABB54650C4B9AD19B6A76D85","C:\aureon-swarm\New Compressed (zipped) Folder.zip"
"SHA256","AC838F9C537D234F4C54BC3CDD46B56D9058E8DFC3C735D0FEBF3DB0DF8E3B44","C:\aureon-swarm\normalized\__main__.rerun.log.norm.txt"
"SHA256","A352BA04F88E6F08C5FCA57D5A82D23AA6BB820954A4C8AA7CF02E1F6DB5F55A","C:\aureon-swarm\normalized\agent_01.run.norm.txt"
"SHA256","A352BA04F88E6F08C5FCA57D5A82D23AA6BB820954A4C8AA7CF02E1F6DB5F55A","C:\aureon-swarm\normalized\agent_02.run.norm.txt"
"SHA256","A352BA04F88E6F08C5FCA57D5A82D23AA6BB820954A4C8AA7CF02E1F6DB5F55A","C:\aureon-swarm\normalized\agent_03.run.norm.txt"
"SHA256","A352BA04F88E6F08C5FCA57D5A82D23AA6BB820954A4C8AA7CF02E1F6DB5F55A","C:\aureon-swarm\normalized\agent_04.run.norm.txt"
"SHA256","A352BA04F88E6F08C5FCA57D5A82D23AA6BB820954A4C8AA7CF02E1F6DB5F55A","C:\aureon-swarm\normalized\agent_05.run.norm.txt"
"SHA256","A352BA04F88E6F08C5FCA57D5A82D23AA6BB820954A4C8AA7CF02E1F6DB5F55A","C:\aureon-swarm\normalized\agent_06.run.norm.txt"
"SHA256","A352BA04F88E6F08C5FCA57D5A82D23AA6BB820954A4C8AA7CF02E1F6DB5F55A","C:\aureon-swarm\normalized\agent_07.run.norm.txt"
"SHA256","A352BA04F88E6F08C5FCA57D5A82D23AA6BB820954A4C8AA7CF02E1F6DB5F55A","C:\aureon-swarm\normalized\agent_08.run.norm.txt"
"SHA256","A352BA04F88E6F08C5FCA57D5A82D23AA6BB820954A4C8AA7CF02E1F6DB5F55A","C:\aureon-swarm\normalized\agent_09.run.norm.txt"
"SHA256","A352BA04F88E6F08C5FCA57D5A82D23AA6BB820954A4C8AA7CF02E1F6DB5F55A","C:\aureon-swarm\normalized\agent_10.run.norm.txt"
"SHA256","A352BA04F88E6F08C5FCA57D5A82D23AA6BB820954A4C8AA7CF02E1F6DB5F55A","C:\aureon-swarm\normalized\agent_11.run.norm.txt"
"SHA256","A352BA04F88E6F08C5FCA57D5A82D23AA6BB820954A4C8AA7CF02E1F6DB5F55A","C:\aureon-swarm\normalized\agent_12.run.norm.txt"
"SHA256","A352BA04F88E6F08C5FCA57D5A82D23AA6BB820954A4C8AA7CF02E1F6DB5F55A","C:\aureon-swarm\normalized\agent_13.run.norm.txt"
"SHA256","A352BA04F88E6F08C5FCA57D5A82D23AA6BB820954A4C8AA7CF02E1F6DB5F55A","C:\aureon-swarm\normalized\agent_14.run.norm.txt"
"SHA256","A352BA04F88E6F08C5FCA57D5A82D23AA6BB820954A4C8AA7CF02E1F6DB5F55A","C:\aureon-swarm\normalized\agent_15.run.norm.txt"
"SHA256","A352BA04F88E6F08C5FCA57D5A82D23AA6BB820954A4C8AA7CF02E1F6DB5F55A","C:\aureon-swarm\normalized\agent_16.run.norm.txt"
"SHA256","A352BA04F88E6F08C5FCA57D5A82D23AA6BB820954A4C8AA7CF02E1F6DB5F55A","C:\aureon-swarm\normalized\agent_17.run.norm.txt"
"SHA256","A352BA04F88E6F08C5FCA57D5A82D23AA6BB820954A4C8AA7CF02E1F6DB5F55A","C:\aureon-swarm\normalized\agent_18.run.norm.txt"
"SHA256","A352BA04F88E6F08C5FCA57D5A82D23AA6BB820954A4C8AA7CF02E1F6DB5F55A","C:\aureon-swarm\normalized\agent_19.run.norm.txt"
"SHA256","A352BA04F88E6F08C5FCA57D5A82D23AA6BB820954A4C8AA7CF02E1F6DB5F55A","C:\aureon-swarm\normalized\agent_20.run.norm.txt"
"SHA256","A352BA04F88E6F08C5FCA57D5A82D23AA6BB820954A4C8AA7CF02E1F6DB5F55A","C:\aureon-swarm\normalized\agent_21.run.norm.txt"
"SHA256","A352BA04F88E6F08C5FCA57D5A82D23AA6BB820954A4C8AA7CF02E1F6DB5F55A","C:\aureon-swarm\normalized\agent_22.run.norm.txt"
"SHA256","A352BA04F88E6F08C5FCA57D5A82D23AA6BB820954A4C8AA7CF02E1F6DB5F55A","C:\aureon-swarm\normalized\agent_23.run.norm.txt"
"SHA256","A352BA04F88E6F08C5FCA57D5A82D23AA6BB820954A4C8AA7CF02E1F6DB5F55A","C:\aureon-swarm\normalized\agent_24.run.norm.txt"
"SHA256","A352BA04F88E6F08C5FCA57D5A82D23AA6BB820954A4C8AA7CF02E1F6DB5F55A","C:\aureon-swarm\normalized\agent_25.run.norm.txt"
"SHA256","A352BA04F88E6F08C5FCA57D5A82D23AA6BB820954A4C8AA7CF02E1F6DB5F55A","C:\aureon-swarm\normalized\agent_26.run.norm.txt"
"SHA256","A352BA04F88E6F08C5FCA57D5A82D23AA6BB820954A4C8AA7CF02E1F6DB5F55A","C:\aureon-swarm\normalized\agent_27.run.norm.txt"
"SHA256","A352BA04F88E6F08C5FCA57D5A82D23AA6BB820954A4C8AA7CF02E1F6DB5F55A","C:\aureon-swarm\normalized\agent_28.run.norm.txt"
"SHA256","A352BA04F88E6F08C5FCA57D5A82D23AA6BB820954A4C8AA7CF02E1F6DB5F55A","C:\aureon-swarm\normalized\agent_29.run.norm.txt"
"SHA256","A352BA04F88E6F08C5FCA57D5A82D23AA6BB820954A4C8AA7CF02E1F6DB5F55A","C:\aureon-swarm\normalized\agent_30.run.norm.txt"
"SHA256","A352BA04F88E6F08C5FCA57D5A82D23AA6BB820954A4C8AA7CF02E1F6DB5F55A","C:\aureon-swarm\normalized\agent_31.run.norm.txt"
"SHA256","A352BA04F88E6F08C5FCA57D5A82D23AA6BB820954A4C8AA7CF02E1F6DB5F55A","C:\aureon-swarm\normalized\agent_32.run.norm.txt"
"SHA256","A352BA04F88E6F08C5FCA57D5A82D23AA6BB820954A4C8AA7CF02E1F6DB5F55A","C:\aureon-swarm\normalized\agent_33.run.norm.txt"
"SHA256","A352BA04F88E6F08C5FCA57D5A82D23AA6BB820954A4C8AA7CF02E1F6DB5F55A","C:\aureon-swarm\normalized\agent_34.run.norm.txt"
"SHA256","A352BA04F88E6F08C5FCA57D5A82D23AA6BB820954A4C8AA7CF02E1F6DB5F55A","C:\aureon-swarm\normalized\agent_35.run.norm.txt"
"SHA256","A352BA04F88E6F08C5FCA57D5A82D23AA6BB820954A4C8AA7CF02E1F6DB5F55A","C:\aureon-swarm\normalized\agent_36.run.norm.txt"
"SHA256","A352BA04F88E6F08C5FCA57D5A82D23AA6BB820954A4C8AA7CF02E1F6DB5F55A","C:\aureon-swarm\normalized\agent_37.run.norm.txt"
"SHA256","A352BA04F88E6F08C5FCA57D5A82D23AA6BB820954A4C8AA7CF02E1F6DB5F55A","C:\aureon-swarm\normalized\agent_38.run.norm.txt"
"SHA256","A352BA04F88E6F08C5FCA57D5A82D23AA6BB820954A4C8AA7CF02E1F6DB5F55A","C:\aureon-swarm\normalized\agent_39.run.norm.txt"
"SHA256","A352BA04F88E6F08C5FCA57D5A82D23AA6BB820954A4C8AA7CF02E1F6DB5F55A","C:\aureon-swarm\normalized\agent_40.run.norm.txt"
"SHA256","A352BA04F88E6F08C5FCA57D5A82D23AA6BB820954A4C8AA7CF02E1F6DB5F55A","C:\aureon-swarm\normalized\agent_41.run.norm.txt"
"SHA256","A352BA04F88E6F08C5FCA57D5A82D23AA6BB820954A4C8AA7CF02E1F6DB5F55A","C:\aureon-swarm\normalized\agent_42.run.norm.txt"
"SHA256","A352BA04F88E6F08C5FCA57D5A82D23AA6BB820954A4C8AA7CF02E1F6DB5F55A","C:\aureon-swarm\normalized\agent_43.run.norm.txt"
"SHA256","A352BA04F88E6F08C5FCA57D5A82D23AA6BB820954A4C8AA7CF02E1F6DB5F55A","C:\aureon-swarm\normalized\agent_44.run.norm.txt"
"SHA256","A352BA04F88E6F08C5FCA57D5A82D23AA6BB820954A4C8AA7CF02E1F6DB5F55A","C:\aureon-swarm\normalized\agent_45.run.norm.txt"
"SHA256","A352BA04F88E6F08C5FCA57D5A82D23AA6BB820954A4C8AA7CF02E1F6DB5F55A","C:\aureon-swarm\normalized\agent_46.run.norm.txt"
"SHA256","A352BA04F88E6F08C5FCA57D5A82D23AA6BB820954A4C8AA7CF02E1F6DB5F55A","C:\aureon-swarm\normalized\agent_47.run.norm.txt"
"SHA256","A352BA04F88E6F08C5FCA57D5A82D23AA6BB820954A4C8AA7CF02E1F6DB5F55A","C:\aureon-swarm\normalized\agent_48.run.norm.txt"
"SHA256","A352BA04F88E6F08C5FCA57D5A82D23AA6BB820954A4C8AA7CF02E1F6DB5F55A","C:\aureon-swarm\normalized\agent_49.run.norm.txt"
"SHA256","A352BA04F88E6F08C5FCA57D5A82D23AA6BB820954A4C8AA7CF02E1F6DB5F55A","C:\aureon-swarm\normalized\agent_50.run.norm.txt"
"SHA256","769877A9D70F329180ADB224366A100D733D00383BDB072E540122B886210341","C:\aureon-swarm\RESULTS_BUNDLE.zip"
"SHA256","5F5EE370A784183ED53221BB80DE646F0648336B1F4D9A5BBF362E7A1BAC76E0","C:\aureon-swarm\RESULTS_VERIFY\_probe.log"
"SHA256","A6EB259DC931E4EB34A01E09CED1D5FBD88DE1FF910645F926C867B8585161A6","C:\aureon-swarm\RESULTS_VERIFY\orchestrator_run.log"
