"Algorithm","Hash","Path"
"SHA256","A352BA04F88E6F08C5FCA57D5A82D23AA6BB820954A4C8AA7CF02E1F6DB5F55A","C:\aureon-swarm\submissions\ai-mathematical-olympiad-progress-prize-3\submission.csv"
"SHA256","A352BA04F88E6F08C5FCA57D5A82D23AA6BB820954A4C8AA7CF02E1F6DB5F55A","C:\aureon-swarm\submissions\deep-past-initiative-machine-translation\submission.csv"
"SHA256","A352BA04F88E6F08C5FCA57D5A82D23AA6BB820954A4C8AA7CF02E1F6DB5F55A","C:\aureon-swarm\submissions\google-tunix-hack-train-a-model-to-show-its-work\submission.csv"
"SHA256","A352BA04F88E6F08C5FCA57D5A82D23AA6BB820954A4C8AA7CF02E1F6DB5F55A","C:\aureon-swarm\submissions\vesuvius-challenge-surface-detection\submission.csv"
